",Champions,HP,HP,HP5,HP5,MP,MP,MP5,MP5,AD,AD,AS,AS,AR,AR,MR,MR,MS,Range,Title,Release date,Last changed,Class(es),Legacy,Position(s),Resource,Range type,Adaptive type,Store price,Crafting,Style,Passive,Q Spell,W Spell,E Spell,Ultimate,Popularity,Winrate,BanRate,Mainedby,PentaKill,Gold,Minions,Wards,DamageDealt,KDA_kills,KDA_deaths,KDA_assists"
"0, Aatrox,580,90,3,1,0,0,0,0,60,5,0.651,2.5,38,3.25,32,1.25,345,175,the Darkin Blade,2013-06-13,V11.2, Juggernaut, Fighter Tank, Top Middle, Manaless ( Blood Well), Melee, Physical, 4800 |  880,   2880,   Damage3 Toughness3 Control2 Mobility2 Utility2 ,Deathbringer Stance,The Darkin Blade,Infernal Chains,Umbral Dash,World Ender,5.2,50.4,2.5,0.6,0.0017,""10,804"",164.9,7.7,""19,100"",5.7,5.7,6.0"
"1, Ahri,526,92,5.5,0.6,418,25,8,0.8,53,3,0.668,2,21,3.5,30,0.5,330,550,the Nine-Tailed Fox,2011-12-14,V11.11, Burst, Mage Assassin, Middle, Mana, Ranged, Magic, 3150 |  790,   1890,   Damage3 Toughness1 Control2 Mobility3 Utility1 ,Essence Theft,Orb of Deception,Fox-Fire,Charm,Spirit Rush,5.2,51.6,1.1,0.6,0.0003,""10,858"",160.3,9.8,""19,146"",6.2,5.4,7.8"
"2, Akali,500,105,8,0.5,200,0,50,0,62,3.3,0.625,3.2,23,3.5,37,1.25,345,125,the Rogue Assassin,2010-05-11,V11.14, Assassin, Assassin, Top Middle, Energy, Melee, Physical, 3150 |  790,   1890,   Damage3 Toughness1 Control1 Mobility3 Utility1 ,Assassin's Mark,Five Point Strike,Twilight Shroud,Shuriken Flip,Perfect Execution,5.9,46.5,7.0,0.6,0.0015,""10,786"",151.1,7.9,""19,521"",7.5,6.0,5.1"
"3, Akshan,560,90,3.75,0.65,350,40,8.175,0.7,52,3.5,0.638,4,26,3,30,0.5,330,500,the Rogue Sentinel,2021-07-22,V11.17, Marksman, Marksman Assassin, Middle, Mana, Ranged, Physical, 6300 |  975,   3780,   Damage3 Toughness1 Control1 Mobility3 Utility2 ,Dirty Fighting,Avengerang,Going Rogue,Heroic Swing,Comeuppance,9.7,50.1,33.4,2.6,0.0034,""12,175"",163.9,8.3,""21,382"",8.9,6.7,6.0"
"4, Alistar,600,106,8.5,0.85,350,40,8.5,0.8,62,3.75,0.625,2.125,44,3.5,32,1.25,330,125,the Minotaur,2009-02-21,V11.11, Vanguard, Tank Support, Support, Mana, Melee, Magic, 1350 |  585,   810,   Damage1 Toughness3 Control3 Mobility1 Utility2 ,Triumphant Roar,Pulverize,Headbutt,Trample,Unbreakable Will,5.7,49.8,1.8,0.3,0.0000,""7,378"",32.6,22.7,""7,094"",1.7,6.1,13.6"
"5, Amumu,615,75,9,0.85,285,40,7.38,0.53,53,3.8,0.736,2.18,30,3.5,32,1.25,335,125,the Sad Mummy,2009-06-26,V11.17, Vanguard, Tank Mage, Jungle, Mana, Melee, Magic, 450 |  260,   270,   Damage2 Toughness3 Control3 Mobility1 Utility1 ,Cursed Touch,Bandage Toss,Despair,Tantrum,Curse of the Sad Mummy,8.6,52.2,6.6,0.2,0.0002,""10,466"",135.1,7.4,""14,506"",5.0,6.1,11.0"
"6, Anivia,480,82,5.5,0.55,495,45,8,0.8,51,3.2,0.625,1.68,21,4,30,0.5,325,600,the Cryophoenix,2009-07-10,V11.8, Battlemage, Mage Support, Middle, Mana, Ranged, Magic, 3150 |  790,   1890,   Damage3 Toughness1 Control3 Mobility1 Utility2 ,Rebirth,Flash Frost,Crystallize,Frostbite,Glacial Storm,4.4,51.7,3.8,0.7,0.0007,""11,201"",167.3,10.9,""18,588"",6.1,5.6,7.5"
"7, Annie,524,88,5.5,0.55,418,25,8,0.8,50,2.63,0.579,1.36,19,4,30,0.5,335,625,the Dark Child,2009-02-21,V11.15, Burst, Mage, Middle, Mana, Ranged, Magic, 450 |  260,   270,   Damage3 Toughness1 Control3 Mobility1 Utility2 ,Pyromania,Disintegrate,Incinerate,Molten Shield,Summon: Tibbers,2.8,52.0,1.0,0.3,0.0010,""10,799"",146.4,9.8,""19,982"",6.6,6.2,7.9"
"8, Aphelios,530,88,3.25,0.55,348,42,6.5,0.4,57,3,0.64,2.1,28,3,30,0.5,325,550,the Weapon of the Faithful,2019-12-11,V11.13, Marksman, Marksman, Bottom, Mana, Ranged, Physical, 6300 |  975,   3780,   Damage3 Toughness1 Control2 Mobility1 Utility1 ,The Hitman and the Seer,Weapons of the Faithful,""Calibrum, the Sniper Rifle"",Moonshot,""Severum, the Scythe Pistol"",8.7,47.8,3.1,1.0,0.0053,""11,579"",186.7,8.1,""19,341"",6.6,6.2,6.3"
"9, Ashe,570,87,3.5,0.55,280,32,6.97,0.4,59,2.96,0.658,3.33,26,3.4,30,0.5,325,600,the Frost Archer,2009-02-21,V11.7, Marksman, Marksman Support, Bottom, Mana, Ranged, Physical, 450 |  260,   270,   Damage2 Toughness1 Control3 Mobility1 Utility2 ,Frost Shot,Ranger's Focus,Volley,Hawkshot,Enchanted Crystal Arrow,18.0,52.6,7.4,1.4,0.0010,""11,063"",171.8,8.8,""17,412"",5.6,5.8,9.3"
"10, Aurelion Sol,575,92,7,0.6,350,50,6,0.8,57,3.2,0.625,1.36,19,3.6,30,0.5,325,550,The Star Forger,2016-03-24,V11.15, Battlemage, Mage, Middle, Mana, Ranged, Magic, 6300 |  975,   3780,   Damage3 Toughness1 Control2 Mobility2 Utility1 ,Center of the Universe,Starsurge,Celestial Expansion,Comet of Legend,Voice of Light,0.8,52.4,0.2,0.1,0.0006,""10,788"",162.4,9.4,""18,900"",6.0,6.1,9.3"
"11, Azir,552,92,7,0.75,480,21,8,0.8,52,2.8,0.625,3,19,3,30,0.5,335,525,the Emperor of the Sands,2014-09-16,V11.11, Specialist, Mage Marksman, Middle, Mana, Ranged, Magic, 4800 |  880,   2880,   Damage3 Toughness1 Control2 Mobility2 Utility1 ,Shurima's Legacy,Conquering Sands,Arise!,Shifting Sands,Emperor's Divide,2.0,46.4,0.2,0.2,0.0020,""11,022"",181.8,9.1,""19,215"",5.4,6.0,6.8"
"12, Bard,560,89,5.5,0.55,350,50,6,0.45,52,3,0.625,2,34,4,30,0.5,330,500,the Wandering Caretaker,2015-03-12,V11.10, Catcher, Support Mage, Support, Mana, Ranged, Magic, 4800 |  880,   2880,   Damage1 Toughness1 Control3 Mobility2 Utility3 ,Traveler's Call,Cosmic Binding,Caretaker's Shrine,Magical Journey,Tempered Fate,4.5,50.6,0.6,0.5,0.0000,""8,061"",24.9,29.7,""10,230"",2.5,5.7,14.2"
"13, Blitzcrank,583,95,8.5,0.75,267,40,8.5,0.8,62,3.5,0.625,1.13,40,3.5,32,1.25,325,125,the Great Steam Golem,2009-09-02,V11.15, Catcher, Tank Fighter, Support, Mana, Melee, Magic, 3150 |  790,   1890,   Damage1 Toughness2 Control3 Mobility1 Utility1 ,Mana Barrier,Rocket Grab,Overdrive,Power Fist,Static Field,7.8,52.1,10.8,0.5,0.0000,""7,617"",33.3,23.5,""8,501"",2.3,5.9,12.7"
"14, Brand,520,88,5.5,0.55,469,21,10.67,0.6,57,3,0.625,1.36,22,3.5,30,0.5,340,550,the Burning Vengeance,2011-04-12,V11.7, Burst, Mage, Support, Mana, Ranged, Magic, 4800 |  880,   2880,   Damage3 Toughness1 Control2 Mobility1 Utility1 ,Blaze,Sear,Pillar of Flame,Conflagration,Pyroclasm,5.0,50.1,3.0,0.5,0.0005,""9,991"",67.6,23.8,""22,221"",5.5,8.1,9.4"
"15, Braum,540,98,8.5,1,311,45,6,0.8,55,3.2,0.644,3.5,47,4,32,1.25,335,125,the Heart of the Freljord,2014-05-12,V11.7, Warden, Support Tank, Support, Mana, Melee, Magic, 4800 |  880,   2880,   Damage1 Toughness2 Control3 Mobility1 Utility2 ,Concussive Blows,Winter's Bite,Stand Behind Me,Unbreakable,Glacial Fissure,4.9,51.1,0.7,0.2,0.0000,""7,530"",33.3,23.7,""7,515"",1.5,5.6,14.7"
"16, Caitlyn,510,93,3.5,0.55,315,35,7.4,0.55,62,3.8,0.681,4,28,3.5,30,0.5,325,650,the Sheriff of Piltover,2011-01-04,V11.17, Marksman, Marksman, Bottom, Mana, Ranged, Physical, 4800 |  880,   2880,   Damage3 Toughness1 Control2 Mobility2 Utility1 ,Headshot,Piltover Peacemaker,Yordle Snap Trap,90 Caliber Net,Ace in the Hole,11.4,49.8,5.0,1.1,0.0025,""11,995"",188.3,8.5,""19,737"",6.8,6.0,7.1"
"17, Camille,576,85,8.5,0.8,339,52,8.15,0.75,68,3.5,0.644,2.5,35,3.8,32.1,1.25,340,125,the Steel Shadow,2016-12-07,V11.5, Diver, Fighter Tank, Top Middle, Mana, Melee, Physical, 6300 |  975,   3780,   Damage3 Toughness2 Control2 Mobility3 Utility1 ,Adaptive Defenses,Precision Protocol,Tactical Sweep,Hookshot,Wall Dive,11.8,51.1,14.9,1.4,0.0011,""10,963"",159.9,8.0,""18,985"",6.2,5.9,5.9"
"18, Cassiopeia,560,90,5.5,0.5,350,60,8,0.8,53,3,0.647,1.5,18,3.5,32,0.5,328,550,the Serpent's Embrace,2010-12-14,V11.15, Battlemage, Mage, Middle Top Bottom, Mana, Ranged, Magic, 4800 |  880,   2880,   Damage3 Toughness1 Control3 Mobility1 Utility1 ,Serpentine Grace,Noxious Blast,Miasma,Twin Fang,Petrifying Gaze,4.7,51.4,2.6,0.6,0.0013,""11,677"",189.6,9.3,""20,591"",6.9,6.4,6.1"
"19, Cho'Gath,574,80,9,0.85,270,60,7.2,0.45,69,4.2,0.625,1.44,38,3.5,32,1.25,345,125,the Terror of the Void,2009-06-26,V11.3, Specialist, Tank Mage, Top Middle, Mana, Melee, Magic, 1350 |  585,   810,   Damage2 Toughness3 Control2 Mobility1 Utility1 ,Carnivore,Rupture,Feral Scream,Vorpal Spikes,Feast,2.4,49.8,0.6,0.1,0.0007,""10,914"",163.8,8.5,""17,011"",5.6,5.6,6.6"
"20, Corki,518,87,5.5,0.55,350,54,7.42,0.55,55,2.5,0.638,2.3,28,3.5,30,0.5,325,550,the Daring Bombardier,2009-09-19,V11.8, Marksman, Marksman, Middle, Mana, Ranged, Physical, 3150 |  790,   1890,   Damage3 Toughness1 Control1 Mobility2 Utility1 ,Hextech Munitions,Phosphorus Bomb,Valkyrie,Special Delivery,Gatling Gun,2.3,52.8,0.3,0.2,0.0061,""12,537"",196.9,9.0,""24,619"",7.7,6.1,7.0"
"21, Darius,582,100,10,0.95,263,57.5,6.6,0.35,64,5,0.625,1,39,4,32,1.25,340,175,the Hand of Noxus,2012-05-23,V11.14, Juggernaut, Fighter Tank, Top, Mana, Melee, Physical, 4800 |  880,   2880,   Damage3 Toughness2 Control2 Mobility1 Utility1 ,Hemorrhage,Decimate,Crippling Strike,Apprehend,Noxian Guillotine,6.6,49.6,17.0,0.8,0.0058,""11,611"",180.1,8.1,""17,320"",6.6,6.1,4.7"
"22, Diana,570,95,6.5,0.85,375,25,8,0.8,57,3,0.625,2.25,31,3.1,32,1.25,345,150,Scorn of the Moon,2012-08-07,V11.16, Assassin Diver, Fighter Mage, Middle, Mana, Melee, Magic, 4800 |  880,   2880,   Damage3 Toughness2 Control2 Mobility2 Utility1 ,Moonsilver Blade,Crescent Strike,Pale Cascade,Lunar Rush,Moonfall,9.0,48.5,8.6,0.9,0.0018,""11,695"",170.9,5.9,""19,135"",7.3,6.4,7.2"
"23, Dr. Mundo,583,89,8,0.75,0,0,0,0,61,4.2,0.72,3.3,32,3,32,1.25,345,125,the Madman of Zaun,2009-09-02,V11.17, Juggernaut, Fighter Tank, Top Jungle, Health costs, Melee, Physical, 450 |  260,   270,   Damage2 Toughness3 Control1 Mobility1 Utility1 ,Goes Where He Pleases,Infected Bonesaw,Heart Zapper,Blunt Force Trauma,Maximum Dosage,3.7,50.1,2.9,0.2,0.0006,""11,093"",174.3,8.2,""20,342"",4.8,5.2,7.0"
"24, Draven,605,90,3.75,0.7,360.56,39,8.04,0.65,60,3.61,0.679,2.7,29,3.3,30,0.5,330,550,the Glorious Executioner,2012-06-06,V11.12, Marksman, Marksman, Bottom, Mana, Ranged, Physical, 4800 |  880,   2880,   Damage3 Toughness1 Control1 Mobility2 Utility1 ,League of Draven,Spinning Axe,Blood Rush,Stand Aside,Whirling Death,6.3,49.9,7.7,1.0,0.0061,""12,790"",186.9,7.5,""20,415"",7.7,6.6,6.1"
"25, Ekko,585,85,9,0.9,280,70,7,0.8,58,3,0.688,3.3,32,3,32,1.25,340,125,the Boy Who Shattered Time,2015-05-29,V11.17, Assassin, Assassin Fighter, Jungle Middle, Mana, Melee, Magic, 6300 |  975,   3780,   Damage3 Toughness2 Control2 Mobility3 Utility1 ,Z-Drive Resonance,Timewinder,Parallel Convergence,Phase Dive,Chronobreak,15.6,49.9,11.7,1.1,0.0023,""11,500"",163.1,5.3,""18,555"",7.8,5.6,6.8"
"26, Elise,534,93,5.5,0.6,324,50,6,0.8,55,3,0.625,1.75,27,3.35,30,0.5,330,550,the Spider Queen,2012-10-26,V11.11, Diver, Mage Fighter, Jungle, Mana, Ranged, Magic, 4800 |  880,   2880,   Damage2 Toughness2 Control2 Mobility2 Utility1 ,Spider Queen,Neurotoxin,Volatile Spiderling,Cocoon,Venomous Bite,3.1,49.1,4.8,0.3,0.0005,""10,338"",126.4,6.0,""15,796"",6.9,5.7,7.6"
"27, Evelynn,572,84,8.5,0.75,315,42,8.11,0.6,61,3,0.667,2.1,37,3.5,32.1,1.25,335,125,Agony's Embrace,2009-05-01,V11.17, Assassin, Assassin Mage, Jungle, Mana, Melee, Magic, 1350 |  585,   810,   Damage2 Toughness2 Control1 Mobility2 Utility2 ,Demon Shade,Hate Spike,Allure,Whiplash,Empowered Whiplash,5.4,49.3,15.0,0.9,0.0007,""11,379"",140.1,6.5,""20,944"",9.2,5.8,6.8"
"28, Ezreal,530,88,4,0.65,375,70,8.5,0.65,60,2.5,0.625,2.5,24,3.5,30,0.5,325,550,the Prodigal Explorer,2010-03-16,V11.11, Marksman, Marksman Mage, Bottom, Mana, Ranged, Physical, 3150 |  790,   1890,   Damage3 Toughness1 Control1 Mobility3 Utility1 ,Rising Spell Force,Mystic Shot,Essence Flux,Arcane Shift,Trueshot Barrage,24.8,48.4,10.9,2.0,0.0024,""11,441"",182.2,8.5,""22,181"",6.4,5.3,7.2"
"29, Fiddlesticks,580.4,92,5.5,0.6,500,28,8,0.8,55.36,2.63,0.625,2.11,34,3.5,30,0.5,335,480,the Ancient Fear,2009-02-21,V11.10, Specialist, Mage Support, Jungle, Mana, Ranged, Magic, 1350 |  585,   810,   Damage3 Toughness1 Control3 Mobility1 Utility1 ,A Harmless Scarecrow,Terrify,Bountiful Harvest,Reap,Crowstorm,5.2,51.8,5.6,0.8,0.0004,""10,824"",151.4,4.8,""17,314"",6.0,5.7,9.3"
"30, Fiora,550,85,8.5,0.55,300,60,8,0.7,68,3.3,0.69,3.2,33,3.5,32,1.25,345,150,the Grand Duelist,2012-02-29,V11.16, Skirmisher, Fighter Assassin, Top, Mana, Melee, Physical, 4800 |  880,   2880,   Damage3 Toughness2 Control2 Mobility2 Utility2 ,Duelist's Dance,Lunge,Riposte,Bladework,Grand Challenge,8.2,51.6,15.6,1.0,0.0020,""11,586"",177.3,7.8,""19,179"",6.3,6.0,4.4"
"31, Fizz,570,98,8,0.7,317,37,6,0.8,58,3,0.658,3.1,22,3.4,32,1.25,335,175,the Tidal Trickster,2011-11-15,V11.14, Assassin, Assassin Fighter, Middle, Mana, Melee, Magic, 4800 |  880,   2880,   Damage3 Toughness1 Control2 Mobility3 Utility1 ,Nimble Fighter,Urchin Strike,Seastone Trident,Playful,Trickster,3.6,49.8,4.6,0.4,0.0021,""11,292"",154.7,7.1,""18,291"",8.2,5.9,5.9"
"32, Galio,562,112,8,0.8,500,40,9.5,0.7,59,3.5,0.625,1.5,24,3.5,32,1.25,335,150,the Colossus,2010-08-10,V11.14, Warden, Tank Mage, Middle Support, Mana, Melee, Magic, 3150 |  790,   1890,   Damage2 Toughness3 Control3 Mobility2 Utility1 ,Colossal Smash,Winds of War,Shield of Durand,Justice Punch,Hero's Entrance,4.0,49.7,0.6,0.2,0.0001,""9,009"",105.1,13.6,""13,316"",3.8,5.8,11.0"
"33, Gangplank,540,82,6,0.6,280,60,7.5,0.7,64,4,0.658,3.2,35,3,32,1.25,345,125,the Saltwater Scourge,2009-08-19,V11.17, Specialist, Fighter, Top, Mana, Melee, Physical, 3150 |  790,   1890,   Damage3 Toughness1 Control1 Mobility1 Utility2 ,Trial by Fire,Parrrley,Remove Scurvy,Powder Keg,Cannon Barrage,8.3,42.6,3.4,0.7,0.0016,""12,478"",194.3,8.5,""20,700"",5.5,6.6,6.8"
"34, Garen,620,84,8,0.5,0,0,0,0,66,4.5,0.625,3.65,36,3,32,0.75,340,175,The Might of Demacia,2010-04-27,V11.14, Juggernaut, Fighter Tank, Top Middle, Manaless, Melee, Physical, 450 |  260,   270,   Damage2 Toughness3 Control1 Mobility1 Utility1 ,Perseverance,Decisive Strike,Courage,Judgment,Demacian Justice,5.5,51.3,2.1,0.7,0.0010,""12,001"",186.1,7.9,""17,803"",6.6,5.3,4.6"
"35, Gnar,510,65,4.5,1.75,100,0,0,0,57,3,0.625,6,32,2.5,30,0.5,335,400,the Missing Link,2014-08-14,V11.13, Specialist, Fighter Tank, Top, Rage, Ranged, Physical, 4800 |  880,   2880,   Damage2 Toughness1 Control1 Mobility2 Utility1 ,Rage Gene,Boomerang Throw,Hyper,Hop,Boulder Toss,4.3,50.4,1.4,0.4,0.0004,""10,860"",168.2,8.6,""19,294"",4.8,5.6,6.7"
"36, Gragas,600,95,5.5,0.5,400,47,6,0.8,64,3.5,0.675,2.05,38,3.6,32,1.25,330,125,the Rabble Rouser,2010-02-02,V11.12, Vanguard, Fighter Mage, Jungle, Mana, Melee, Magic, 3150 |  790,   1890,   Damage2 Toughness3 Control3 Mobility2 Utility1 ,Happy Hour,Barrel Roll,Drunken Rage,Body Slam,Explosive Cask,3.7,48.7,0.2,0.3,0.0003,""10,002"",129.3,9.1,""16,621"",5.3,5.6,8.6"
"37, Graves,555,92,8,0.7,325,40,8,0.7,68,4,0.475,2.6,33,3.4,32,1.25,340,425,the Outlaw,2011-10-19,V11.17, Specialist, Marksman, Jungle, Mana, Ranged, Physical, 4800 |  880,   2880,   Damage3 Toughness2 Control1 Mobility2 Utility2 ,New Destiny,End of the Line,Smoke Screen,Quickdraw,Collateral Damage,12.2,49.9,8.1,1.4,0.0035,""12,237"",189.3,5.9,""19,724"",7.4,5.9,6.4"
"38, Gwen,550,90,7,0.55,330,40,7.5,0.7,63,3,0.69,2.25,39,4,32,1.25,340,150,The Hallowed Seamstress,2021-04-15,V11.15, Skirmisher, Fighter Assassin, Top Mid, Mana, Melee, Magic, 6300 |  975,   3780,   Damage3 Toughness2 Control1 Mobility3 Utility1 ,Thousand Cuts,Snip Snip!,Hallowed Mist,Skip 'n Slash,Needlework,4.4,46.8,7.4,0.3,0.0021,""11,306"",177.0,7.6,""18,941"",5.9,6.3,4.9"
"39, Hecarim,580,90,7,0.75,277,60,6.5,0.6,66,3.2,0.67,2.5,35,4.25,32,1.25,345,175,the Shadow of War,2012-04-18,V11.12, Diver, Fighter Tank, Jungle Top, Mana, Melee, Physical, 4800 |  880,   2880,   Damage2 Toughness2 Control2 Mobility2 Utility1 ,Warpath,Rampage,Spirit of Dread,Devastating Charge,Onslaught of Shadows,3.2,48.9,1.6,0.3,0.0022,""11,573"",159.3,4.9,""16,931"",7.3,5.6,8.4"
"40, Heimerdinger,488,87,7,0.55,385,20,8,0.8,56,2.7,0.625,1.36,19,3,30,0.5,340,550,the Revered Inventor,2009-10-10,V11.9, Specialist, Mage Support, Middle Top, Mana, Ranged, Magic, 3150 |  790,   1890,   Damage3 Toughness1 Control2 Mobility1 Utility2 ,Hextech Affinity,H-28G Evolution Turret,H-28Q Apex Turret,Hextech Micro-Rockets,Hextech Rocket Swarm,2.0,50.5,0.7,0.3,0.0008,""10,864"",161.7,9.9,""23,542"",5.0,6.3,6.8"
"41, Illaoi,586,95,9.5,0.8,300,50,7.5,0.75,68,5,0.571,2.5,35,3.8,32,1.25,350,125,the Kraken Priestess,2015-11-24,V11.15, Juggernaut, Fighter Tank, Top, Mana, Melee, Physical, 6300 |  975,   3780,   Damage3 Toughness2 Control1 Mobility1 Utility1 ,Prophet of an Elder God,Tentacle Smash,Harsh Lesson,Test of Spirit,Leap of Faith,1.9,49.6,1.4,0.3,0.0008,""11,660"",196.0,8.5,""23,115"",5.0,6.4,4.6"
"42, Irelia,520,110,8.5,0.85,350,50,8,0.8,65,4,0.656,2.5,36,3,28,1.25,335,200,the Blade Dancer,2010-11-16,V11.17, Diver, Fighter Assassin, Top Middle, Mana, Melee, Physical, 4800 |  880,   2880,   Damage2 Toughness2 Control2 Mobility3 Utility2 ,Ionian Fervor,Bladesurge,Defiant Dance,Flawless Duet,Vanguard's Edge,14.9,50.2,45.5,1.8,0.0045,""12,518"",208.6,8.1,""19,780"",7.4,7.1,4.7"
"43, Ivern,585,85,7,0.85,450,60,6,0.75,50,3,0.644,3.4,27,3.5,32,1.25,330,475,the Green Father,2016-10-05,V11.16, Catcher, Support Mage, Jungle Middle, Mana, Ranged, Magic, 6300 |  975,   3780,   Damage1 Toughness1 Control3 Mobility2 Utility3 ,Friend of the Forest,Rootcaller,Brushmaker,Triggerseed,Daisy!,1.5,50.6,0.3,0.2,0.0000,""8,925"",115.8,6.5,""8,303"",2.5,4.7,13.1"
"44, Janna,500,70,5.5,0.55,350,64,11.5,0.4,46,1.5,0.625,2.95,28,3.8,30,0.5,315,550,the Storm's Fury,2009-09-02,V10.11, Enchanter, Support Mage, Support, Mana, Ranged, Magic, 1350 |  585,   810,   Damage1 Toughness1 Control3 Mobility1 Utility3 ,Tailwind,Howling Gale,Zephyr,Eye of the Storm,Monsoon,4.5,51.0,0.4,0.4,0.0000,""7,870"",18.1,26.5,""8,002"",1.8,5.5,14.7"
"45, Jarvan IV,570,90,8,0.7,300,40,6.5,0.45,64,3.4,0.658,2.5,34,3.6,32,1.25,340,175,the Exemplar of Demacia,2011-03-01,V11.16, Diver, Tank Fighter, Jungle, Mana, Melee, Physical, 4800 |  880,   2880,   Damage2 Toughness2 Control2 Mobility2 Utility2 ,Martial Cadence,Dragon Strike,Golden Aegis,Demacian Standard,Cataclysm,13.1,52.4,7.4,0.7,0.0002,""11,042"",141.5,5.8,""14,830"",6.1,5.5,12.5"
"46, Jax,593,85,8.5,0.55,339,52,7.58,0.7,68,4.25,0.638,3.4,36,3,32,1.25,350,125,Grandmaster at Arms,2009-02-21,V11.5, Skirmisher, Fighter Assassin, Top Jungle, Mana, Melee, Physical, 1350 |  585,   810,   Damage3 Toughness2 Control2 Mobility2 Utility1 ,Relentless Assault,Leap Strike,Empower,Counter Strike,Grandmaster's Might,7.1,50.3,5.9,0.7,0.0016,""11,539"",174.1,8.3,""17,813"",6.1,6.2,4.4"
"47, Jayce,560,90,6,0.6,375,45,6,0.8,54,4.25,0.658,3,27,3.5,30,0.5,335,125,the Defender of Tomorrow,2012-07-07,V11.9, Artillery, Fighter Marksman, Top Middle, Mana, Melee, Physical, 4800 |  880,   2880,   Damage3 Toughness1 Control1 Mobility2 Utility2 ,Hextech Capacitor,To the Skies!,Lightning Field,Thundering Blow,Transform Mercury Cannon,6.2,46.8,1.9,0.5,0.0013,""11,495"",185.8,8.5,""21,317"",6.1,6.6,5.9"
"48, Jhin,585,93,3.75,0.55,300,50,6,0.8,59,4.7,0.625,3,24,3.5,30,0.5,330,550,the Virtuoso,2016-02-01,V11.16, Marksman Catcher, Marksman Mage, Bottom, Mana, Ranged, Physical, 6300 |  975,   3780,   Damage3 Toughness1 Control2 Mobility1 Utility1 ,Basic Attack,Whisper,Dancing Grenade,Deadly Flourish,Captive Audience,16.6,51.4,1.9,1.7,0.0040,""12,029"",182.0,8.7,""18,814"",7.7,5.5,8.2"
"49, Jinx,610,86,3.75,0.5,245,45,6.7,1,57,3.4,0.625,1,26,3.5,30,0.5,325,525,the Loose Cannon,2013-10-10,V11.13, Marksman, Marksman, Bottom, Mana, Ranged, Physical, 4800 |  880,   2880,   Damage3 Toughness1 Control2 Mobility1 Utility1 ,Get Excited!,Switcheroo!,Zap!,Flame Chompers!,Super Mega Death Rocket!,6.9,49.8,0.3,0.5,0.0052,""11,821"",194.7,8.4,""18,938"",6.6,5.9,7.6"
"50, Kai'Sa,600,88,3.5,0.55,344.88,38,8.2,0.45,59,2,0.644,1.8,28,3,30,0.5,335,525,Daughter of the Void,2018-03-07,V11.12, Marksman, Marksman, Bottom, Mana, Ranged, Magic, 6300 |  975,   3780,   Damage3 Toughness1 Control1 Mobility3 Utility1 ,Second Skin,Icathian Rain,Void Seeker,Supercharge,Killer Instinct,11.5,48.3,1.6,0.9,0.0053,""12,183"",193.5,8.5,""18,425"",7.9,5.8,6.3"
"51, Kalista,534,100,3.75,0.55,250,45,6.3,0.4,69,3.5,0.694,4,21,4,30,0.5,325,525,the Spear of Vengeance,2014-11-20,V11.17, Marksman, Marksman, Bottom, Mana, Ranged, Physical, 4800 |  880,   2880,   Damage3 Toughness1 Control1 Mobility3 Utility2 ,Martial Poise,Pierce,Sentinel,Rend,Fate's Call,2.3,47.3,0.3,0.1,0.0039,""12,041"",189.7,8.3,""17,854"",7.6,6.5,6.5"
"52, Karma,534,95,5.5,0.55,374,50,13,0.5,51,3.3,0.625,2.3,26,3.8,30,0.5,335,525,the Enlightened One,2011-02-01,V11.16, Burst Enchanter, Mage Support, Support Top, Mana, Ranged, Magic, 3150 |  790,   1890,   Damage2 Toughness1 Control2 Mobility1 Utility2 ,Gathering Fire,Inner Flame,Soulflare,Focused Resolve,Renewal,7.4,47.6,1.4,0.5,0.0000,""8,177"",36.5,23.7,""11,420"",2.4,5.8,12.8"
"53, Karthus,550,87,6.5,0.55,467,30.5,8,0.8,46,3.25,0.625,2.11,18,3.5,30,0.5,335,450,the Deathsinger,2009-06-12,V11.6, Battlemage, Mage, Jungle, Mana, Ranged, Magic, 3150 |  790,   1890,   Damage3 Toughness1 Control1 Mobility1 Utility2 ,Death Defied,Lay Waste,Wall of Pain,Defile,Requiem,3.2,50.4,2.5,0.3,0.0009,""12,321"",185.4,6.0,""28,225"",8.0,7.3,9.5"
"54, Kassadin,576,105,6,0.5,400,87,6,0.8,59,3.9,0.64,3.7,19,2.8,30,0.5,335,150,the Void Walker,2009-08-07,V11.17, Assassin, Assassin Mage, Middle, Mana, Melee, Magic, 3150 |  790,   1890,   Damage3 Toughness2 Control1 Mobility3 Utility1 ,Void Stone,Null Sphere,Nether Blade,Force Pulse,Riftwalk,4.6,50.2,9.0,0.4,0.0071,""11,445"",172.9,7.4,""19,825"",7.9,5.6,5.5"
"55, Katarina,602,94,7.5,0.7,0,0,0,0,58,3.2,0.658,2.74,28,3.5,32,1.25,335,125,the Sinister Blade,2009-09-19,V11.10, Assassin, Assassin Mage, Middle, Manaless, Melee, Magic, 3150 |  790,   1890,   Damage3 Toughness1 Control1 Mobility3 Utility1 ,Voracity,Bouncing Blade,Preparation,Shunpo,Death Lotus,9.3,49.9,19.1,2.0,0.0119,""11,683"",152.8,7.4,""20,869"",9.4,6.9,5.9"
"56, Kayle,600,85,5,0.5,330,50,8,0.8,50,2.5,0.625,1.5,26,3,26,0.5,335,175,the Righteous,2009-02-21,V11.15, Specialist, Fighter Support, Top, Mana, Melee, Physical, 450 |  260,   270,   Damage3 Toughness1 Control1 Mobility1 Utility3 ,Divine Ascent,Radiant Blast,Celestial Blessing,Starfire Spellblade,Divine Judgment,4.6,52.4,1.4,0.5,0.0036,""12,121"",207.0,8.4,""18,050"",5.6,5.7,5.9"
"57, Kayn,585,85,8,0.75,410,50,11.5,0.95,68,3.3,0.669,2.7,38,3.3,32,1.25,340,175,the Shadow Reaper,2017-07-12,V11.17, Skirmisher, Fighter Assassin, Jungle, Mana, Melee, Physical, 6300 |  975,   3780,   Damage3 Toughness1 Control1 Mobility3 Utility1 ,The Darkin Scythe,Reaping Slash,Blade's Reach,Shadow Step,Umbral Trespass,9.3,49.8,12.7,1.4,0.0016,""11,765"",167.9,4.7,""18,818"",7.7,6.3,7.6"
"58, Kennen,541,84,5.5,0.65,200,0,50,0,48,3.75,0.625,3.4,29,3.75,30,0.5,335,550,the Heart of the Tempest,2010-04-08,V11.15, Specialist, Mage Marksman, Top, Energy, Ranged, Magic, 4800 |  880,   2880,   Damage3 Toughness1 Control3 Mobility1 Utility1 ,Mark of the Storm,Thundering Shuriken,Electrical Surge,Lightning Rush,Slicing Maelstrom,4.7,50.7,1.4,0.3,0.0013,""10,646"",161.9,8.4,""19,781"",5.5,5.7,6.4"
"59, Kha'Zix,573,85,7.5,0.75,327,40,7.59,0.5,63,3.1,0.668,2.7,36,3,32,1.25,350,125,the Voidreaver,2012-09-27,V11.1, Assassin, Assassin, Jungle, Mana, Melee, Physical, 4800 |  880,   2880,   Damage3 Toughness1 Control1 Mobility2 Utility1 ,Unseen Threat,Taste Their Fear,Evolved Reaper Claws,Void Spike,Evolved Spike Racks,9.3,51.9,10.8,1.1,0.0042,""11,808"",156.2,5.1,""19,021"",9.1,5.9,6.0"
"60, Kindred,540,85,7,0.55,300,35,7,0.4,65,2.5,0.625,3.5,29,3.5,30,0.5,325,500,The Eternal Hunters,2015-10-14,V11.9, Marksman, Marksman, Jungle, Mana, Ranged, Physical, 6300 |  975,   3780,   Damage3 Toughness1 Control2 Mobility3 Utility2 ,Mark of the Kindred,Dance of Arrows,Wolf's Frenzy,Mounting Dread,Lamb's Respite,4.7,50.3,3.1,0.6,0.0047,""11,592"",160.4,5.3,""18,761"",7.8,6.4,6.8"
"61, Kled,340,70,6,0.75,100,0,0,0,65,3.5,0.625,3.5,35,4,28,1.25,285,250,the Cantankerous Cavaliers,2016-08-10,V10.23, Skirmisher, Fighter Tank, Top Jungle, Courage, Melee, Physical, 6300 |  975,   3780,   Damage3 Toughness2 Control1 Mobility3 Utility1 ,""Skaarl, the Cowardly Lizard"",Bear Trap on a Rope,Violent Tendencies,Jousting,Chaaaaaaaarge!!!,2.5,52.6,1.0,0.4,0.0008,""11,327"",157.2,7.8,""18,692"",6.3,5.8,7.5"
"62, Kled & Skaarl,740,130,6,0.75,100,0,0,0,65,3.5,0.625,3.5,35,4,28,1.25,345,125,500,the Cantankerous Cavaliers,2016-08-10,V10.23, Skirmisher, Fighter Tank, Top Jungle, Courage, Melee, Physical, 6300 |  975,   3780,""Skaarl, the Cowardly Lizard"",Bear Trap on a Rope,Violent Tendencies,Jousting,Chaaaaaaaarge!!!,2.5,52.6,1.0,0.4,0.0008,""11,327"",157.2,7.8,""18,692"",6.3,5.8,7.5"
"63, Kog'Maw,565,85,3.75,0.55,325,40,8.75,0.7,61,3.11,0.665,2.65,24,3.25,30,0.5,330,500,the Mouth of the Abyss,2010-06-24,V11.10, Marksman, Marksman Mage, Bottom, Mana, Ranged, Physical, 4800 |  880,   2880,   Damage3 Toughness1 Control1 Mobility1 Utility1 ,Icathian Surprise,Caustic Spittle,Bio-Arcane Barrage,Void Ooze,Living Artillery,2.6,51.1,0.6,0.2,0.0030,""12,218"",188.8,8.4,""24,496"",7.8,6.7,7.1"
"64, LeBlanc,528,97,7.5,0.55,334,50,6,0.8,55,3.5,0.625,1.4,22,3.5,30,0.5,340,525,the Deceiver,2010-11-02,V11.8, Burst, Assassin Mage, Middle, Mana, Ranged, Magic, 3150 |  790,   1890,   Damage3 Toughness1 Control2 Mobility3 Utility1 ,Mirror Image,Sigil of Malice,Distortion,Ethereal Chains,Mimic,9.7,49.5,15.6,0.7,0.0004,""10,594"",144.8,8.3,""18,776"",7.3,5.0,6.7"
"65, Lee Sin,575,85,7.5,0.7,200,0,50,0,70,3.7,0.651,3,36,3.7,32,1.25,345,125,the Blind Monk,2011-04-01,V11.16, Diver, Fighter Assassin, Jungle, Energy, Melee, Physical, 4800 |  880,   2880,   Damage3 Toughness2 Control2 Mobility3 Utility1 ,Flurry,Sonic Wave,Resonating Strike,Safeguard,Iron Will,20.0,49.4,25.1,2.0,0.0011,""11,150"",143.1,12.3,""15,756"",7.4,5.7,8.6"
"66, Leona,576,87,8.5,0.85,302,40,6,0.8,60,3,0.625,2.9,47,3.6,32,1.25,335,125,the Radiant Dawn,2011-07-13,V11.17, Vanguard, Tank Support, Support, Mana, Melee, Physical, 4800 |  880,   2880,   Damage1 Toughness3 Control3 Mobility1 Utility1 ,Sunlight,Shield of Daybreak,Eclipse,Zenith Blade,Solar Flare,10.1,49.9,24.4,0.6,0.0000,""7,532"",34.6,23.5,""6,571"",1.9,6.2,13.1"
"67, Lillia,580,90,7.5,0.75,410,50,11.5,0.95,61,3.1,0.625,2.7,22,4,32,0.75,330,325,the Bashful Bloom,2020-07-22,V11.17, Skirmisher, Fighter Mage, Jungle Top Middle, Mana, Ranged, Magic, 6300 |  975,   3780,   Damage3 Toughness1 Control2 Mobility2 Utility2 ,Dream-Laden Bough,Blooming Blows,Watch Out! Eep!,Swirlseed,Lilting Lullaby,5.5,51.1,1.4,0.4,0.0020,""11,336"",177.1,6.8,""20,971"",6.3,5.9,7.5"
"68, Lissandra,550,90,7,0.55,475,30,8,0.4,55,2.7,0.656,1.36,22,3.7,30,0.5,325,550,the Ice Witch,2013-04-30,V11.17, Burst, Mage, Middle, Mana, Ranged, Magic, 4800 |  880,   2880,   Damage3 Toughness1 Control3 Mobility2 Utility1 ,Iceborn Subjugation,Ice Shard,Ring of Frost,Glacial Path,Frozen Tomb,3.7,50.4,1.0,0.3,0.0008,""10,851"",171.3,9.1,""18,467"",5.5,6.1,8.9"
"69, Lucian,571,86,3.75,0.65,348.88,38,8.18,0.7,62,2.3,0.638,3.3,28,3,30,0.5,335,500,the Purifier,2013-08-22,V11.17, Marksman, Marksman, Bottom Top Middle, Mana, Ranged, Physical, 4800 |  880,   2880,   Damage3 Toughness1 Control1 Mobility3 Utility1 ,Lightslinger,Piercing Light,Ardent Blaze,Relentless Pursuit,The Culling,16.5,48.5,3.8,0.4,0.0031,""12,148"",193.9,8.8,""19,903"",7.6,6.2,6.4"
"70, Lulu,525,74,6,0.6,350,55,11,0.6,47,2.6,0.625,2.25,29,3.7,30,0.5,330,550,the Fae Sorceress,2012-03-20,V11.16, Enchanter, Support Mage, Support, Mana, Ranged, Magic, 4800 |  880,   2880,   Damage2 Toughness1 Control2 Mobility1 Utility3 ,""Pix, Faerie Companion"",Glitterlance,Whimsy,""Help, Pix!"",Wild Growth,13.7,50.7,35.6,1.4,0.0000,""7,589"",20.9,23.4,""5,329"",1.6,5.1,14.3"
"71, Lux,490,85,5.5,0.55,480,23.5,8,0.8,54,3.3,0.669,1,19,4,30,0.5,330,550,the Lady of Luminosity,2010-10-19,V11.11, Burst Artillery, Mage Support, Middle Support, Mana, Ranged, Magic, 3150 |  790,   1890,   Damage3 Toughness1 Control2 Mobility1 Utility2 ,Illumination,Light Binding,Prismatic Barrier,Lucent Singularity,Final Spark,9.6,49.4,1.1,1.1,0.0001,""9,919"",91.8,18.3,""18,584"",5.1,6.1,10.6"
"72, Malphite,574,90,7,0.55,280,60,7.32,0.55,62,4,0.736,3.4,37,3.75,28,1.25,335,125,Shard of the Monolith,2009-09-02,V11.12, Vanguard, Tank Fighter, Top Support Middle, Mana, Melee, Magic, 1350 |  585,   810,   Damage1 Toughness3 Control3 Mobility1 Utility1 ,Granite Shield,Seismic Shard,Thunderclap,Ground Slam,Unstoppable Force,6.2,50.8,6.2,0.2,0.0002,""9,848"",136.3,9.2,""16,489"",4.6,5.3,8.4"
"73, Malzahar,510,87,6,0.6,375,27.5,8,0.8,55,3,0.625,1.5,18,3.5,30,0.5,335,500,the Prophet of the Void,2010-06-01,V11.14, Battlemage, Mage Assassin, Middle, Mana, Ranged, Magic, 4800 |  880,   2880,   Damage3 Toughness1 Control3 Mobility1 Utility2 ,Void Shift,Call of the Void,Void Swarm,Malefic Visions,Nether Grasp,3.6,52.7,3.4,0.4,0.0004,""11,481"",190.3,10.0,""19,554"",4.8,5.8,7.9"
"74, Maokai,565,95,5,0.75,375,43,7.2,0.6,64,3.3,0.8,2.125,39,4,32,1.25,335,125,the Twisted Treant,2011-02-16,V11.16, Vanguard, Tank Mage, Top Support, Mana, Melee, Magic, 4800 |  880,   2880,   Damage1 Toughness3 Control3 Mobility1 Utility2 ,Sap Magic,Bramble Smash,Twisted Advance,Sapling Toss,Nature's Grasp,3.4,51.4,0.4,0.4,0.0000,""8,099"",63.3,17.2,""13,479"",2.7,6.0,11.1"
"75, Master Yi,599,92,7.5,0.65,251,42,7.26,0.45,66,3,0.679,2,33,3,32,1.25,355,125,the Wuju Bladesman,2009-02-21,V11.11, Skirmisher, Assassin Fighter, Jungle, Mana, Melee, Physical, 450 |  260,   270,   Damage3 Toughness1 Control1 Mobility2 Utility1 ,Double Strike,Alpha Strike,Meditate,Wuju Style,Highlander,5.8,49.7,8.0,0.9,0.0163,""12,212"",163.8,4.8,""18,181"",9.2,6.9,4.9"
"76, Mega Gnar,610,108,4.5,1.75,100,0,0,0,65,5.5,0.625,0.5,35.5,5.5,33.5,4,335,175,the Missing Link,2014-08-14,V11.13, Specialist, Fighter Tank, Top, Rage, Ranged, Physical, 4800 |  880,   2880,   Damage2 Toughness1 Control1 Mobility2 Utility1 ,Rage Gene,Boomerang Throw,Hyper,Hop,Boulder Toss,4.3,50.4,1.4,0.4,0.0004,""10,860"",168.2,8.6,""19,294"",4.8,5.6,6.7"
"77, Miss Fortune,570,93,3.75,0.65,325.84,35,8.04,0.65,52,2.7,0.656,3,28,3,30,0.5,325,550,the Bounty Hunter,2010-09-08,V10.25, Marksman, Marksman, Bottom, Mana, Ranged, Physical, 3150 |  790,   1890,   Damage3 Toughness1 Control1 Mobility1 Utility1 ,Love Tap,Double Up,Strut,Make It Rain,Bullet Time,4.9,48.7,0.2,0.4,0.0046,""11,964"",180.0,10.2,""19,788"",7.2,6.6,7.7"
"78, Mordekaiser,575,90,5,0.75,0,0,0,0,61,4,0.625,1,37,3,32,1.25,335,175,the Iron Revenant,2010-02-24,V11.17, Juggernaut, Fighter, Top, Shield, Melee, Magic, 1350 |  585,   810,   Damage3 Toughness2 Control1 Mobility1 Utility2 ,Darkness Rise,Obliterate,Indestructible,Death's Grasp,Realm of Death,6.6,50.5,6.0,0.4,0.0014,""11,260"",170.1,8.0,""20,218"",6.2,6.0,5.0"
"79, Morgana,560,90,5.5,0.4,340,60,11,0.4,56,3.5,0.625,1.53,25,3.8,30,0.5,335,450,the Fallen,2009-02-21,V11.11, Catcher, Mage Support, Support, Mana, Ranged, Magic, 1350 |  585,   810,   Damage2 Toughness1 Control3 Mobility1 Utility2 ,Soul Siphon,Dark Binding,Tormented Shadow,Black Shield,Soul Shackles,8.3,49.1,30.7,0.4,0.0002,""8,761"",43.5,23.8,""13,649"",3.1,6.3,12.8"
"80, Nami,490,74,5.5,0.55,365,43,11.5,0.4,51,3.1,0.644,2.61,29,4,30,0.5,335,550,the Tidecaller,2012-12-07,V11.17, Enchanter, Support Mage, Support, Mana, Ranged, Magic, 4800 |  880,   2880,   Damage1 Toughness1 Control3 Mobility1 Utility2 ,Surging Tides,Aqua Prison,Ebb and Flow,Tidecaller's Blessing,Tidal Wave,8.7,52.6,0.4,0.7,0.0000,""7,999"",13.4,24.0,""8,606"",2.0,5.4,15.7"
"81, Nasus,561,90,9,0.9,326,62,7.44,0.5,67,3.5,0.638,3.48,34,3.5,32,1.25,350,125,the Curator of the Sands,2009-10-01,V11.12, Juggernaut, Fighter Tank, Top, Mana, Melee, Physical, 1350 |  585,   810,   Damage2 Toughness3 Control2 Mobility1 Utility1 ,Soul Eater,Siphoning Strike,Wither,Spirit Fire,Fury of the Sands,4.1,49.4,2.9,0.4,0.0010,""11,279"",174.7,7.7,""17,704"",5.0,5.3,5.5"
"82, Nautilus,576,86,8.5,0.55,400,47,8.63,0.5,61,3.3,0.706,1,39,3.75,32,1.25,325,175,the Titan of the Depths,2012-02-14,V11.15, Vanguard, Tank Fighter, Support, Mana, Melee, Magic, 4800 |  880,   2880,   Damage1 Toughness3 Control3 Mobility1 Utility1 ,Staggering Blow,Dredge Line,Titan's Wrath,Riptide,Depth Charge,8.0,49.7,10.9,0.4,0.0000,""7,623"",36.8,22.4,""8,223"",2.2,6.4,12.9"
"83, Neeko,540,90,7.5,0.75,450,30,7,0.7,48,2.5,0.625,3.5,21,4,30,0.5,340,550,the Curious Chameleon,2018-12-05,V11.17, Burst Catcher, Mage Support, Middle, Mana, Ranged, Magic, 6300 |  975,   3780,   Damage3 Toughness1 Control3 Mobility1 Utility1 ,Inherent Glamour,Blooming Burst,Shapesplitter,Tangle-Barbs,Pop Blossom,1.7,50.0,0.2,0.2,0.0001,""10,348"",131.4,13.3,""17,725"",5.6,6.2,7.7"
"84, Nidalee,570,95,6,0.6,295,45,6,0.8,58,3.5,0.638,3.22,28,3.5,30,0.5,335,525,the Bestial Huntress,2009-12-17,V11.15, Specialist, Assassin Mage, Jungle, Mana, Ranged, Magic, 3150 |  790,   1890,   Damage3 Toughness1 Control1 Mobility3 Utility2 ,Prowl,Javelin Toss,Bushwhack,Primal Surge,Takedown,6.4,48.1,3.5,0.7,0.0015,""10,904"",150.3,6.0,""17,849"",7.4,5.1,7.2"
"85, Nocturne,585,85,7,0.75,275,35,7,0.45,62,3.1,0.721,2.7,38,3.5,32,0.75,345,125,the Eternal Nightmare,2011-03-15,V11.16, Assassin, Assassin Fighter, Jungle Top Middle, Mana, Melee, Physical, 4800 |  880,   2880,   Damage3 Toughness1 Control2 Mobility2 Utility2 ,Umbra Blades,Duskbringer,Shroud of Darkness,Unspeakable Horror,Paranoia,4.5,50.6,6.3,0.6,0.0003,""11,714"",161.8,5.8,""16,391"",7.4,5.9,8.0"
"86, Nunu & Willump,540,82,5,0.8,280,42,7,0.5,61,3,0.625,2.25,29,3,32,1.25,345,125,500,the Boy and His Yeti,2009-02-21,V11.17, Vanguard, Tank Fighter, Jungle Middle, Mana, Melee, Magic, 450 |  260,   270,Call of the Freljord,Consume,Biggest Snowball Ever!,Snowball Barrage,Absolute Zero,4.4,50.7,1.5,0.6,0.0002,""10,149"",132.5,5.1,""13,233"",5.1,5.9,11.7"
"87, Olaf,575,100,8.5,0.9,316,42,7.5,0.6,68,3.5,0.694,2.7,35,3,32,1.25,350,125,the Berserker,2010-06-09,V11.13, Diver, Fighter Tank, Jungle Top, Mana, Melee, Physical, 3150 |  790,   1890,   Damage2 Toughness2 Control2 Mobility1 Utility1 ,Berserker Rage,Undertow,Vicious Strikes,Reckless Swing,Ragnarok,2.3,49.8,1.6,0.1,0.0016,""11,522"",161.1,5.4,""18,680"",7.3,6.0,7.0"
"88, Orianna,530,91,7,0.55,418,25,8,0.8,40,2.6,0.658,3.5,17,3,26,0.5,325,525,the Lady of Clockwork,2011-06-01,V11.8, Burst, Mage Support, Middle, Mana, Ranged, Magic, 4800 |  880,   2880,   Damage2 Toughness1 Control2 Mobility1 Utility2 ,Clockwork Windup,Command: Attack,Command: Dissonance,Command: Protect,Command: Shockwave,4.3,48.1,0.2,0.2,0.0005,""10,856"",179.3,9.5,""17,878"",4.9,5.6,9.2"
"89, Ornn,590,95,9,0.9,340.6,65,8.01,0.6,69,3.5,0.625,2,33,4,32,1.25,335,175,The Fire below the Mountain,2017-08-23,V11.1, Vanguard, Tank Fighter, Top, Mana, Melee, Physical, 6300 |  975,   3780,   Damage1 Toughness3 Control3 Mobility1 Utility2 ,Living Forge,Volcanic Rupture,Bellows Breath,Searing Charge,Call of the Forge God,3.4,50.8,0.4,0.3,0.0001,""9,882"",151.8,8.7,""15,515"",3.7,5.2,9.0"
"90, Pantheon,580,95,9,0.65,317.12,31,7.36,0.45,64,3.3,0.644,2.95,40,3.75,28,1.25,345,175,the Unbreakable Spear,2010-02-02,V11.3, Diver, Fighter Assassin, Middle Support Top, Mana, Melee, Physical, 3150 |  790,   1890,   Damage3 Toughness2 Control2 Mobility2 Utility1 ,Mortal Will,Comet Spear,Shield Vault,Aegis Assault,Grand Starfall,5.1,50.2,2.2,0.4,0.0007,""10,294"",106.9,13.4,""17,550"",6.8,6.9,7.7"
"91, Poppy,540,90,8,0.8,280,40,7,0.7,64,4,0.625,2.5,38,3.5,32,1.25,345,125,Keeper of the Hammer,2010-01-13,V11.12, Warden, Tank Fighter, Top Jungle Support, Mana, Melee, Physical, 450 |  260,   270,   Damage2 Toughness3 Control3 Mobility2 Utility1 ,Iron Ambassador,Hammer Shock,Steadfast Presence,Heroic Charge,Keeper's Verdict,3.5,50.2,1.3,0.4,0.0001,""10,072"",131.6,8.6,""15,487"",5.4,5.6,8.5"
"92, Pyke,600,90,7,0.5,415,50,8,1,62,2,0.667,2.5,45,3.5,32,1.25,330,150,the Bloodharbor Ripper,2018-05-31,V11.11, Assassin Catcher, Support Assassin, Support Middle, Mana, Melee, Physical, 6300 |  975,   3780,   Damage2 Toughness1 Control3 Mobility3 Utility1 ,Gift of the Drowned Ones,Bone Skewer,Ghostwater Dive,Phantom Undertow,Death from Below,9.2,49.6,7.1,1.3,0.0031,""10,894"",42.8,26.5,""10,969"",7.0,7.1,8.6"
"93, Qiyana,590,90,9,0.9,320,50,8,0.7,66,3.1,0.625,2.1,28,3.5,32,1.25,335,150,Empress of the Elements,2019-06-28,V11.11, Assassin, Assassin Fighter, Middle, Mana, Melee, Physical, 6300 |  975,   3780,   Damage3 Toughness1 Control2 Mobility2 Utility1 ,Royal Privilege,Edge of Ixtal,Elemental Wrath,Terrashape,Audacity,6.3,47.4,4.8,1.0,0.0020,""11,254"",153.3,6.4,""20,443"",8.6,7.2,5.7"
"94, Quinn,533,85,5.5,0.55,269,35,6.97,0.4,59,2.4,0.668,3.1,28,3.5,30,0.5,335,525,Demacia's Wings,2013-03-01,V11.5, Specialist, Marksman Assassin, Top, Mana, Ranged, Physical, 4800 |  880,   2880,   Damage3 Toughness1 Control2 Mobility3 Utility1 ,Harrier,Blinding Assault,Heightened Senses,Vault,Behind Enemy Lines,1.9,52.6,0.8,0.3,0.0011,""11,920"",172.9,8.1,""20,888"",7.5,7.0,6.1"
"95, Rakan,540,85,5,0.5,315,50,8.75,0.5,62,3.5,0.635,3,32,3.9,32,1.25,335,300,The Charmer,2017-04-19,V11.8, Catcher, Support, Support, Mana, Ranged, Magic, 6300 |  975,   3780,   Damage1 Toughness2 Control3 Mobility3 Utility3 ,Fey Feathers,Gleaming Quill,Grand Entrance,Battle Dance,The Quickness,6.1,49.9,0.3,0.4,0.0000,""7,621"",34.7,29.5,""6,709"",1.7,5.6,14.6"
"96, Rammus,564,80,8,0.55,310,33,7.84,0.5,56,3.5,0.656,2.215,36,4.3,32,1.25,335,125,the Armordillo,2009-07-10,V11.13, Vanguard, Tank Fighter, Jungle, Mana, Melee, Physical, 1350 |  585,   810,   Damage2 Toughness3 Control3 Mobility2 Utility1 ,Spiked Shell,Powerball,Defensive Ball Curl,Frenzying Taunt,Soaring Slam,2.3,51.3,3.6,0.3,0.0001,""10,271"",131.6,5.5,""13,603"",4.7,5.7,11.7"
"97, Rek'Sai,570,85,7.5,0.65,100,0,0,0,64,3,0.667,2,36,3.75,32,1.25,335,175,the Void Burrower,2014-12-11,V11.17, Diver, Fighter, Jungle, Rage, Melee, Physical, 4800 |  880,   2880,   Damage2 Toughness2 Control2 Mobility2 Utility2 ,Fury of the Xer'Sai,Queen's Wrath,Prey Seeker,Burrow,Unburrow,2.4,50.3,1.2,0.3,0.0009,""11,341"",142.0,5.3,""16,373"",8.3,6.0,7.2"
"98, Rell,540,90,7,0.55,350,45,6,0.35,55,3,0.55,2,32,3,32.1,1.25,335,175,the Iron Maiden,2020-12-10,V11.15, Vanguard, Tank, Mana, Melee, Magic, 6300 |  975,   3780,   Damage1 Toughness3 Control3 Mobility2 Utility2 ,,Break the Mold,Shattering Strike,Ferromancy: Crash Down,Ferromancy: Mount Up,Attract and Repel,2.7,51.6,1.0,0.2,0.0000,""7,556"",33.2,22.2,""7,656"",2.0,6.5,13.5"
"99, Renekton,575,87,8,0.75,100,0,0,0,69,3.75,0.665,2.75,35,4,32,1.25,345,125,the Butcher of the Sands,2011-01-18,V11.14, Diver, Fighter Tank, Top Middle, Fury, Melee, Physical, 4800 |  880,   2880,   Damage2 Toughness2 Control2 Mobility2 Utility1 ,Reign of Anger,Cull the Meek,Ruthless Predator,Slice,Dice,5.9,47.9,4.1,0.3,0.0008,""11,210"",182.6,8.1,""16,380"",5.2,5.8,5.8"
"100, Rengar,585,90,7,0.5,4,0,0,0,68,3,0.667,3,34,3,32,1.25,345,125,the Pridestalker,2012-08-21,V11.2, Assassin Diver, Assassin Fighter, Jungle Top, Ferocity, Melee, Physical, 4800 |  880,   2880,   Damage3 Toughness1 Control2 Mobility2 Utility1 ,Unseen Predator,Savagery,Battle Roar,Bola Strike,Thrill of the Hunt,4.7,48.0,2.1,0.9,0.0020,""11,818"",160.1,5.3,""18,681"",8.3,6.5,5.6"
"101, Riven,560,86,8.5,0.5,0,0,0,0,64,3,0.625,3.5,33,3.2,32,1.25,340,125,the Exile,2011-09-14,V11.13, Skirmisher, Fighter Assassin, Top, Manaless, Melee, Physical, 4800 |  880,   2880,   Damage3 Toughness2 Control2 Mobility3 Utility1 ,Runic Blade,Broken Wings,Ki Burst,Valor,Blade of the Exile,7.6,51.7,3.2,1.3,0.0033,""11,624"",180.2,7.8,""17,415"",6.7,6.0,5.2"
"102, Rumble,589,85,8,0.6,100,0,0,0,61,3.2,0.644,1.85,31,3.5,28,0.75,345,125,the Mechanized Menace,2011-04-26,V11.15, Battlemage, Fighter Mage, Top Middle, Heat, Melee, Magic, 4800 |  880,   2880,   Damage3 Toughness2 Control2 Mobility1 Utility1 ,Junkyard Titan,Flamespitter,Scrap Shield,Electro Harpoon,The Equalizer,2.1,49.0,0.3,0.3,0.0011,""10,912"",159.8,7.4,""19,778"",6.6,5.9,7.9"
"103, Ryze,575,110,8,0.8,300,70,8,1,58,3,0.625,2.112,22,3,36,0.5,340,550,the Rune Mage,2009-02-21,V11.11, Battlemage, Mage Fighter, Middle Top, Mana, Ranged, Magic, 450 |  260,   270,   Damage3 Toughness1 Control2 Mobility2 Utility2 ,Arcane Mastery,Overload,Rune Prison,Spell Flux,Realm Warp,7.4,46.9,0.8,0.3,0.0013,""11,614"",204.5,9.4,""19,150"",5.5,5.9,6.6"
"104, Samira,530,88,3.25,0.55,348.88,38,8.18,0.7,57,3,0.658,3.3,26,3,30,0.5,335,500,the Desert Rose,2020-09-21,V11.6, Marksman, Marksman, Mana, Ranged, Physical, 6300 |  975,   3780,   Damage3 Toughness2 Control1 Mobility3 Utility1 ,,Daredevil Impulse,Flair,Blade Whirl,Wild Rush,Inferno Trigger,10.8,50.4,26.2,1.1,0.0188,""12,149"",183.4,7.9,""19,654"",8.7,6.6,6.4"
"105, Sejuani,560,100,8.5,1,400,40,7,0.7,66,4,0.688,3.5,34,4.25,32,1.25,340,150,Fury of the North,2012-01-17,V11.10, Vanguard, Tank Fighter, Jungle, Mana, Melee, Magic, 4800 |  880,   2880,   Damage2 Toughness2 Control3 Mobility2 Utility1 ,Fury of the North,Arctic Assault,Winter's Wrath,Permafrost,Glacial Prison,1.9,50.0,0.2,0.2,0.0002,""10,461"",141.2,6.4,""14,054"",4.8,5.2,11.1"
"106, Senna,520,75,3.5,0.55,350,45,11.5,0.4,50,0,0.625,4,28,3.5,30,0.5,330,600,the Redeemer,2019-11-10,V11.17, Marksman Enchanter, Marksman Support, Support Bottom, Mana, Ranged, Physical, 6300 |  975,   3780,   Damage2 Toughness1 Control2 Mobility1 Utility3 ,Basic Attack,Absolution,Piercing Darkness,Last Embrace,Curse of the Black Mist,9.3,49.4,5.4,0.7,0.0005,""10,044"",59.8,19.5,""16,743"",4.5,6.4,12.3"
"107, Seraphine,500,90,6.5,0.6,440,40,8,1,55,3,0.669,1,19,3,30,0.5,325,525,the Starry-Eyed Songstress,2020-10-29,V11.14, Burst Enchanter, Mage Support, Mana, Ranged, Magic, 6300 |  975,   3780,   Damage3 Toughness1 Control3 Mobility1 Utility2 ,,Stage Presence,High Note,Surround Sound,Beat Drop,Encore,5.6,49.2,1.5,0.4,0.0002,""9,018"",68.4,21.1,""12,914"",3.1,5.9,12.4"
"108, Sett,600,93,7,0.5,0,0,0,0,60,4,0.625,1.75,33,4,32,1.25,340,125,the Boss,2020-01-14,V11.9, Juggernaut, Fighter Tank, Top Jungle Support, Grit, Melee, Physical, 6300 |  975,   3780,   Damage2 Toughness2 Control2 Mobility2 Utility1 ,Pit Grit,Knuckle Down,Haymaker,Facebreaker,The Show Stopper,13.9,50.6,12.7,1.3,0.0008,""10,749"",148.2,9.5,""18,624"",5.4,6.2,6.4"
"109, Shaco,560,89,8.5,0.55,297,40,7.16,0.45,63,3,0.694,3,30,3.5,32,1.25,345,125,the Demon Jester,2009-10-10,V11.17, Assassin, Assassin, Jungle Support, Mana, Melee, Physical, 3150 |  790,   1890,   Damage3 Toughness1 Control2 Mobility2 Utility2 ,Backstab,Deceive,Jack in the Box,Two-Shiv Poison,Hallucinate,8.0,49.4,20.2,1.5,0.0008,""11,132"",124.6,7.8,""17,695"",7.7,6.0,8.3"
"110, Shen,540,85,8.5,0.75,400,0,50,0,60,3,0.751,3,34,3,32,1.25,340,125,the Eye of Twilight,2010-03-24,V11.9, Warden, Tank, Top Support, Energy, Melee, Physical, 3150 |  790,   1890,   Damage2 Toughness3 Control2 Mobility2 Utility3 ,Ki Barrier,Twilight Assault,Spirit's Refuge,Shadow Dash,Stand United,5.5,50.6,1.4,0.6,0.0001,""9,513"",129.4,9.5,""13,016"",4.0,5.0,10.5"
"111, Shyvana,595,95,8.5,0.8,100,0,0,0,66,3.4,0.658,2.5,38,3.35,32,1.25,350,125,the Half-Dragon,2011-11-01,V11.15, Juggernaut, Fighter Tank, Jungle, Fury, Melee, Physical, 3150 |  790,   1890,   Damage2 Toughness2 Control1 Mobility2 Utility1 ,Fury of the Dragonborn,Twin Bite,Burnout,Flame Breath,Dragon's Descent,2.7,51.4,0.4,0.3,0.0021,""11,909"",187.0,6.7,""20,051"",6.9,5.3,6.6"
"112, Singed,580,85,9.5,0.55,330,45,7.5,0.55,63,3.38,0.613,1.9,34,3.5,32,1.25,345,125,the Mad Chemist,2009-04-18,V11.13, Specialist, Tank Fighter, Top, Mana, Melee, Magic, 450 |  260,   270,   Damage2 Toughness3 Control2 Mobility2 Utility1 ,Noxious Slipstream,Poison Trail,Mega Adhesive,Fling,Insanity Potion,2.1,50.4,0.2,0.3,0.0005,""10,879"",175.4,8.3,""18,088"",4.5,6.3,8.1"
"113, Sion,545,73,7.5,0.8,330,42,8,0.6,68,4,0.679,1.3,32,3,32,1.25,345,175,The Undead Juggernaut,2009-02-21,V11.14, Vanguard, Tank Fighter, Top, Mana, Melee, Physical, 1350 |  585,   810,   Damage2 Toughness3 Control3 Mobility1 Utility1 ,Glory in Death,Death Surge,Decimating Smash,Soul Furnace,Roar of the Slayer,4.0,48.5,0.2,0.3,0.0001,""11,277"",180.3,8.1,""18,106"",4.5,6.8,6.9"
"114, Sivir,562,90,3.25,0.55,325,50,8,0.9,63,3,0.625,1.6,26,3.25,30,0.5,335,500,the Battle Mistress,2009-02-21,V11.16, Marksman, Marksman, Bottom, Mana, Ranged, Physical, 450 |  260,   270,   Damage3 Toughness1 Control1 Mobility1 Utility2 ,Fleet of Foot,Boomerang Blade,Ricochet,Spell Shield,On the Hunt,3.2,50.4,0.3,0.2,0.0021,""12,020"",205.4,9.4,""20,353"",6.0,5.8,8.7"
"115, Skarner,580,85,9,0.85,320,60,7.2,0.45,65,4.5,0.625,2.1,38,3.8,32,1.25,335,125,the Crystal Vanguard,2011-08-09,V11.12, Diver, Fighter Tank, Jungle, Mana, Melee, Physical, 4800 |  880,   2880,   Damage1 Toughness3 Control3 Mobility1 Utility1 ,Crystal Spires,Crystal Slash,Crystalline Exoskeleton,Fracture,Impale,0.9,52.0,0.1,0.1,0.0005,""10,329"",146.8,6.1,""11,240"",4.4,4.9,9.8"
"116, Sona,480,77,5.5,0.55,340,45,11.5,0.4,49,3,0.644,2.3,28,3.3,30,0.5,325,550,Maven of the Strings,2010-09-21,V11.16, Enchanter, Support Mage, Support, Mana, Ranged, Magic, 3150 |  790,   1890,   Damage2 Toughness1 Control2 Mobility1 Utility2 ,Power Chord,Hymn of Valor,Aria of Perseverance,Song of Celerity,Crescendo,5.3,53.2,0.8,0.6,0.0000,""8,077"",18.1,23.7,""9,594"",2.4,5.8,14.7"
"117, Soraka,535,74,2.5,0.5,425,40,11.5,0.4,50,3,0.625,2.14,32,3.8,30,0.5,325,550,the Starchild,2009-02-21,V11.13, Enchanter, Support Mage, Support, Mana, Ranged, Magic, 450 |  260,   270,   Damage1 Toughness1 Control2 Mobility1 Utility3 ,Salvation,Starcall,Astral Infusion,Equinox,Wish,5.4,51.2,0.8,0.5,0.0000,""7,447"",21.1,22.2,""5,827"",1.0,5.5,14.5"
"118, Swain,525,85,7,0.65,468,28.5,8,0.8,58,2.7,0.625,2.11,23,4,30,0.5,325,525,the Noxian Grand General,2010-10-05,V11.11, Battlemage, Mage Fighter, Support Middle Bottom, Mana, Ranged, Magic, 4800 |  880,   2880,   Damage2 Toughness2 Control2 Mobility1 Utility1 ,Ravenous Flock,Death's Hand,Vision of Empire,Nevermove,Demonic Ascension,4.1,49.9,1.8,0.5,0.0012,""9,907"",78.4,17.1,""19,839"",5.6,7.1,10.9"
"119, Sylas,525,115,9,0.9,280,70,7,0.8,61,3,0.645,3.5,27,4,32,1.75,340,175,the Unshackled,2019-01-25,V11.17, Burst Skirmisher, Mage Assassin, Top Jungle Middle, Mana, Melee, Magic, 6300 |  975,   3780,   Damage2 Toughness2 Control1 Mobility3 Utility1 ,Petricite Burst,Chain Lash,Kingslayer,Abscond,Abduct,11.0,49.0,7.4,0.6,0.0017,""10,606"",146.8,8.2,""18,893"",7.0,6.7,6.7"
"120, Syndra,523,90,6.5,0.6,480,40,8,0.8,54,2.9,0.625,2,25,3.4,30,0.5,330,550,the Dark Sovereign,2012-09-13,V11.15, Burst, Mage Support, Middle, Mana, Ranged, Magic, 4800 |  880,   2880,   Damage3 Toughness1 Control2 Mobility1 Utility1 ,Transcendent,Dark Sphere,Force of Will,Scatter the Weak,Unleashed Power,4.6,47.3,0.9,0.2,0.0005,""10,999"",176.5,9.8,""19,909"",6.0,6.0,6.8"
"121, Tahm Kench,570,95,6.5,0.55,325,50,8,1,56,3.2,0.658,2.5,42,3.5,32,1.25,335,175,The River King,2015-07-09,V11.17, Warden, Support Tank, Support, Mana, Melee, Magic, 6300 |  975,   3780,   Damage2 Toughness3 Control2 Mobility1 Utility3 ,An Acquired Taste,Tongue Lash,Abyssal Dive,Thick Skin,Devour,6.3,51.0,22.7,0.9,0.0001,""10,020"",136.2,9.0,""16,666"",4.6,4.9,8.3"
"122, Taliyah,532,90,7,0.7,425,30,9.34,0.85,58,3.3,0.625,1.36,20,3.5,30,0.5,335,525,the Stoneweaver,2016-05-18,V11.11, Battlemage, Mage Support, Jungle, Mana, Ranged, Magic, 6300 |  975,   3780,   Damage3 Toughness1 Control2 Mobility1 Utility3 ,Rock Surfing,Threaded Volley,Seismic Shove,Unraveled Earth,Weaver's Wall,1.5,49.6,0.1,0.1,0.0022,""10,928"",142.5,8.3,""20,028"",7.4,6.5,8.6"
"123, Talon,588,95,8.5,0.75,377.2,37,7.6,0.8,68,3.1,0.625,2.9,30,3.5,39,1.25,335,125,the Blade's Shadow,2011-08-24,V11.12, Assassin, Assassin, Middle, Mana, Melee, Physical, 4800 |  880,   2880,   Damage3 Toughness1 Control1 Mobility2 Utility1 ,Blade's End,Noxian Diplomacy,Rake,Assassin's Path,Shadow Assault,4.7,51.6,4.8,0.7,0.0013,""11,554"",167.8,6.0,""19,805"",8.1,6.2,6.2"
"124, Taric,575,85,6,0.5,300,60,8.5,0.8,55,3.5,0.625,2,40,3.4,32,1.25,340,150,the Shield of Valoran,2009-08-19,V11.14, Enchanter Warden, Support Fighter, Support, Mana, Melee, Physical, 1350 |  585,   810,   Damage1 Toughness2 Control2 Mobility1 Utility3 ,Bravado,Starlight's Touch,Bastion,Dazzle,Cosmic Radiance,1.4,50.9,0.1,0.1,0.0000,""7,621"",43.5,19.6,""5,762"",1.6,5.7,14.1"
"125, Teemo,528,90,5.5,0.65,334,20,9.6,0.45,54,3,0.69,3.38,24,3.75,30,0.5,330,500,the Swift Scout,2009-02-21,V11.17, Specialist, Marksman Assassin, Top, Mana, Ranged, Physical, 1350 |  585,   810,   Damage3 Toughness1 Control2 Mobility1 Utility2 ,Guerrilla Warfare,Blinding Dart,Move Quick,Toxic Shot,Noxious Trap,4.7,50.0,2.1,0.5,0.0006,""11,602"",175.8,8.5,""23,635"",5.7,6.8,5.8"
"126, Thresh,530,95,7,0.55,274,44,6,0.8,56,2.2,0.625,3.5,28,0,30,0.5,335,450,the Chain Warden,2013-01-23,V11.15, Catcher, Support Fighter, Support, Mana, Ranged, Physical, 4800 |  880,   2880,   Damage1 Toughness2 Control3 Mobility1 Utility3 ,Damnation,Death Sentence,Dark Passage,Flay,The Box,16.6,49.5,13.4,1.6,0.0000,""7,586"",34.6,23.6,""6,633"",1.8,6.1,14.1"
"127, Tristana,559,88,3.75,0.65,250,32,7.2,0.45,59,3.3,0.656,1.5,26,3,30,0.5,325,525,the Yordle Gunner,2009-02-21,V11.7, Marksman, Marksman Assassin, Bottom, Mana, Ranged, Physical, 1350 |  585,   810,   Damage3 Toughness1 Control2 Mobility2 Utility1 ,Draw a Bead,Rapid Fire,Rocket Jump,Explosive Charge,Buster Shot,9.5,50.1,4.8,0.7,0.0039,""12,229"",186.9,8.9,""18,613"",7.7,5.9,6.1"
"128, Trundle,616,96,6,0.75,281,45,7.5,0.6,68,3,0.67,2.9,37,2.7,32,1.25,350,175,the Troll King,2010-12-01,V11.12, Juggernaut, Fighter Tank, Jungle, Mana, Melee, Physical, 3150 |  790,   1890,   Damage2 Toughness3 Control1 Mobility1 Utility2 ,King's Tribute,Chomp,Frozen Domain,Pillar of Ice,Subjugate,10.1,52.1,5.6,0.7,0.0004,""10,682"",135.1,9.6,""14,076"",5.2,5.3,9.0"
"129, Tryndamere,626,98,8.5,0.9,100,0,0,0,72,3.7,0.67,2.9,33,3.1,32,1.25,345,125,the Barbarian King,2009-05-01,V11.16, Skirmisher, Fighter Assassin, Top, Fury, Melee, Physical, 1350 |  585,   810,   Damage3 Toughness2 Control1 Mobility2 Utility1 ,Battle Fury,Bloodlust,Mocking Shout,Spinning Slash,Undying Rage,4.3,49.6,3.5,0.6,0.0014,""12,571"",204.9,7.7,""17,413"",6.4,5.7,4.1"
"130, Twisted Fate,534,94,5.5,0.6,333,39,8,0.8,52,3.3,0.651,3.22,21,3.15,30,0.5,330,525,the Card Master,2009-02-21,V10.23, Burst, Mage, Middle, Mana, Ranged, Magic, 1350 |  585,   810,   Damage3 Toughness1 Control2 Mobility2 Utility2 ,Loaded Dice,Wild Cards,Pick a Card,Stacked Deck,Destiny,5.4,48.0,0.3,0.3,0.0003,""11,097"",159.2,8.8,""15,867"",4.9,6.4,9.0"
"131, Twitch,612,86,3.75,0.6,287.2,40,7.26,0.45,59,3.11,0.679,3.38,27,3,30,0.5,330,550,the Plague Rat,2009-05-01,V11.5, Marksman, Marksman Assassin, Bottom, Mana, Ranged, Physical, 3150 |  790,   1890,   Damage3 Toughness1 Control1 Mobility2 Utility1 ,Deadly Venom,Ambush,Venom Cask,Contaminate,Spray and Pray,6.6,49.2,1.7,0.8,0.0062,""12,070"",162.1,8.9,""21,690"",9.1,7.0,7.3"
"132, Udyr,594,92,6,0.75,271,50,7.5,0.45,64,5,0.658,2.67,34,4,32,1.25,350,125,the Spirit Walker,2009-12-02,V11.12, Juggernaut, Fighter Tank, Jungle, Mana, Melee, Physical, 1350 |  585,   810,   Damage2 Toughness3 Control2 Mobility2 Utility1 ,Monkey's Agility,Tiger Stance,Turtle Stance,Bear Stance,Phoenix Stance,1.1,47.1,0.5,0.2,0.0004,""11,165"",165.3,5.2,""13,017"",5.6,5.5,7.4"
"133, Urgot,585,88,7.5,0.7,340,45,7.25,0.8,63,4,0.625,3.75,36,4.25,32,1.25,330,350,the Dreadnought,2010-08-24,V11.11, Juggernaut, Fighter Tank, Top, Mana, Ranged, Physical, 3150 |  790,   1890,   Damage2 Toughness2 Control2 Mobility1 Utility1 ,Echoing Flames,Corrosive Charge,Purge,Disdain,Fear Beyond Death,3.2,51.8,1.2,0.5,0.0010,""12,068"",188.4,8.4,""18,388"",6.3,5.8,5.6"
"134, Varus,530,91,3.5,0.55,360,40,8,0.8,61,3.4,0.658,4,27,3.4,30,0.5,330,575,the Arrow of Retribution,2012-05-08,V11.12, Marksman Artillery, Marksman Mage, Bottom, Mana, Ranged, Physical, 4800 |  880,   2880,   Damage3 Toughness1 Control2 Mobility1 Utility1 ,Living Vengeance,Piercing Arrow,Blighted Quiver,Hail of Arrows,Chain of Corruption,6.8,49.0,0.8,0.2,0.0016,""11,743"",185.5,9.3,""20,459"",7.0,6.1,7.7"
"135, Vayne,515,89,3.5,0.55,231.8,35,6.97,0.4,60,2.36,0.658,3.3,23,3.4,30,0.5,330,550,the Night Hunter,2011-05-10,V10.20, Marksman, Marksman Assassin, Top Bottom, Mana, Ranged, Physical, 4800 |  880,   2880,   Damage3 Toughness1 Control2 Mobility2 Utility1 ,Night Hunter,Tumble,Silver Bolts,Condemn,Final Hour,16.3,51.6,11.3,1.6,0.0073,""11,847"",181.0,8.4,""18,473"",7.4,6.1,5.7"
"136, Veigar,505,94,6.5,0.6,490,26,8,0.8,52,2.7,0.625,2.24,23,3.75,32,0.5,340,550,the Tiny Master of Evil,2009-07-24,V11.10, Burst, Mage, Middle, Mana, Ranged, Magic, 1350 |  585,   810,   Damage3 Toughness1 Control3 Mobility1 Utility1 ,Phenomenal Evil Power,Baleful Strike,Dark Matter,Event Horizon,Primordial Burst,4.0,50.2,0.6,0.4,0.0008,""11,195"",156.7,11.6,""18,643"",6.7,6.1,7.2"
"137, Vel'Koz,520,88,5.5,0.55,469,21,8,0.8,55,3.1415927,0.625,1.36,22,3.5,30,0.5,340,525,the Eye of the Void,2014-02-27,V11.1, Artillery, Mage, Middle Support, Mana, Ranged, Magic, 4800 |  880,   2880,   Damage3 Toughness1 Control2 Mobility1 Utility1 ,Organic Deconstruction,Plasma Fission,Void Rift,Tectonic Disruption,Life Form Disintegration Ray,3.6,50.4,0.4,0.6,0.0001,""10,231"",103.7,19.0,""22,024"",5.4,6.2,9.0"
"138, Vi,585,85,10,1,295,65,8,0.65,63,3.5,0.644,2,30,4,32,1.25,340,125,the Piltover Enforcer,2012-12-19,V11.1, Diver, Fighter Assassin, Jungle, Mana, Melee, Physical, 4800 |  880,   2880,   Damage2 Toughness2 Control3 Mobility2 Utility1 ,Blast Shield,Vault Breaker,Denting Blows,Excessive Force,Assault and Battery,2.7,50.9,0.3,0.3,0.0007,""11,226"",152.7,5.8,""15,745"",6.6,6.0,8.0"
"139, Viego,560,95,7,0.7,0,0,0,0,57,3.5,0.658,2.5,34,4,32,1.25,345,200,The Ruined King,2021-01-22,V11.17, Skirmisher, Assassin Fighter, Jungle, Manaless, Melee, Physical, 6300 |  975,   3780,   Damage3 Toughness1 Control2 Mobility2 Utility1 ,Sovereign's Domination,Blade of the Ruined King,Spectral Maw,Harrowed Path,Heartbreaker,10.4,47.4,25.6,1.3,0.0033,""11,445"",155.0,5.3,""16,550"",7.3,6.0,6.7"
"140, Viktor,530,90,8,0.65,405,45,8,0.8,53,3,0.658,2.11,23,4,30,0.5,335,525,the Machine Herald,2011-12-29,V11.9, Battlemage, Mage, Middle, Mana, Ranged, Magic, 4800 |  880,   2880,   Damage3 Toughness1 Control2 Mobility1 Utility1 ,Glorious Evolution,Siphon Power,Gravity Field,Death Ray,Chaos Storm,3.7,51.7,0.5,0.3,0.0011,""11,433"",188.8,9.5,""23,176"",6.1,5.7,7.1"
"141, Vladimir,537,96,7,0.6,2,0,0,0,55,3,0.658,2,23,3.3,30,0.5,330,450,the Crimson Reaper,2010-07-27,V11.16, Battlemage, Mage, Top Middle, Bloodthirst, Ranged, Magic, 3150 |  790,   1890,   Damage3 Toughness2 Control1 Mobility1 Utility1 ,Crimson Pact,Transfusion,Sanguine Pool,Tides of Blood,Hemoplague,5.4,50.5,6.8,0.8,0.0031,""11,345"",182.9,8.4,""21,851"",6.6,5.4,5.8"
"142, Volibear,580,90,9,0.75,350,70,6.25,0.5,60,3,0.625,2,31,4,32,1.25,340,150,the Relentless Storm,2011-11-29,V11.6, Juggernaut, Fighter Tank, Top Jungle, Mana, Melee, Physical, 3150 |  790,   1890,   Damage2 Toughness3 Control2 Mobility2 Utility1 ,The Relentless Storm,Thundering Smash,Frenzied Maul,Sky Splitter,Stormbringer,4.8,48.9,1.9,0.4,0.0008,""10,749"",149.6,6.9,""16,569"",5.7,5.8,7.0"
"143, Warwick,550,85,4,0.75,280,35,7.47,0.58,65,3,0.638,2.3,33,3.2,32,1.25,335,125,the Uncaged Wrath of Zaun,2009-02-21,V11.16, Diver, Fighter Tank, Jungle, Mana, Melee, Physical, 450 |  260,   270,   Damage2 Toughness2 Control2 Mobility1 Utility1 ,Eternal Hunger,Jaws of the Beast,Blood Hunt,Primal Howl,Infinite Duress,4.1,50.4,1.0,0.8,0.0008,""10,997"",138.9,5.9,""15,515"",7.3,6.3,7.4"
"144, Wukong,540,85,2.5,0.65,300,65,8,0.65,68,3.5,0.711,3,31,3.5,28,1.25,345,175,the Monkey King,2011-07-26,V11.17, Diver, Fighter Tank, Top Jungle, Mana, Melee, Physical, 4800 |  880,   2880,   Damage2 Toughness2 Control2 Mobility2 Utility1 ,Stone Skin,Crushing Blow,Warrior Trickster,Nimbus Strike,Cyclone,4.0,51.1,1.5,0.5,0.0015,""11,266"",160.6,7.7,""17,557"",6.3,5.5,6.2"
"145, Xayah,590,88,3.25,0.75,340,40,8.25,0.75,60,3.5,0.625,3.9,25,3,30,0.5,325,525,the Rebel,2017-04-19,V11.17, Marksman, Marksman, Bottom, Mana, Ranged, Physical, 6300 |  975,   3780,   Damage3 Toughness2 Control3 Mobility1 Utility1 ,Clean Cuts,Double Daggers,Deadly Plumage,Bladecaller,Featherstorm,6.4,49.1,0.6,0.2,0.0026,""12,130"",197.5,8.8,""19,639"",7.1,5.9,7.1"
"146, Xerath,526,92,5.5,0.55,459,22,8,0.8,55,3,0.625,1.36,22,3.5,30,0.5,340,525,the Magus Ascendant,2011-10-05,V11.9, Artillery, Mage, Middle Support, Mana, Ranged, Magic, 4800 |  880,   2880,   Damage3 Toughness1 Control2 Mobility1 Utility1 ,Mana Surge,Arcanopulse,Eye of Destruction,Shocking Orb,Rite of the Arcane,8.2,50.3,5.2,0.9,0.0001,""9,994"",93.2,18.8,""22,008"",5.4,5.7,9.8"
"147, Xin Zhao,570,92,8,0.7,274,55,7.26,0.45,63,3,0.645,3.5,35,3.5,32,1.25,345,175,the Seneschal of Demacia,2010-07-13,V11.16, Diver, Fighter Assassin, Jungle, Mana, Melee, Physical, 1350 |  585,   810,   Damage2 Toughness2 Control2 Mobility2 Utility1 ,Determination,Three Talon Strike,Wind Becomes Lightning,Audacious Charge,Crescent Guard,6.9,51.4,15.3,0.5,0.0011,""11,071"",149.3,5.2,""17,464"",6.7,6.0,8.1"
"148, Yasuo,490,87,6.5,0.9,100,0,0,0,60,3,0.697,3.5,30,3.4,32,1.25,345,175,the Unforgiven,2013-12-13,V11.14, Skirmisher, Fighter Assassin, Top Middle Bottom, Flow, Melee, Physical, 4800 |  880,   2880,   Damage3 Toughness1 Control2 Mobility3 Utility2 ,Way of the Wanderer,Steel Tempest,Wind Wall,Sweeping Blade,Last Breath,15.2,50.1,22.2,2.0,0.0029,""12,059"",196.5,8.1,""17,823"",6.7,7.0,5.5"
"149, Yone,550,85,7.5,0.75,500,0,0,0,60,2,0.625,3.5,28,3.4,32,1.25,345,175,the Unforgotten,2020-08-06,V11.10, Assassin Skirmisher, Assassin Fighter, Manaless ( Soul Unbound), Melee, Physical, 6300 |  975,   3780,   Damage3 Toughness1 Control2 Mobility3 Utility1 ,,Way of the Hunter,Mortal Steel,Spirit Cleave,Soul Unbound,Fate Sealed,11.9,49.7,14.9,0.9,0.0025,""11,894"",189.3,8.0,""19,806"",6.7,6.6,5.4"
"150, Yorick,580,100,8,0.8,300,60,7.5,0.75,62,5,0.625,2,39,4,32,1.25,340,175,Shepherd of Souls,2011-06-22,V11.8, Juggernaut, Fighter Tank, Top, Mana, Melee, Physical, 4800 |  880,   2880,   Damage2 Toughness2 Control2 Mobility1 Utility2 ,Shepherd of Souls,Last Rites,Awakening,Dark Procession,Mourning Mist,2.3,50.5,1.1,0.3,0.0003,""11,785"",193.3,8.2,""19,070"",4.1,5.2,4.4"
"151, Yuumi,480,70,7,0.55,400,45,10,0.4,55,3.1,0.625,1,25,3,25,0.3,330,500,the Magical Cat,2019-05-14,V11.10, Enchanter, Support Mage, Support, Mana, Ranged, Magic, 6300 |  975,   3780,   Damage1 Toughness1 Control1 Mobility3 Utility3 ,Bop 'n' Block,Prowling Projectile,You and Me!,Zoomies,Final Chapter,11.3,50.0,20.6,1.7,0.0000,""7,628"",6.6,19.1,""8,391"",1.8,4.2,15.9"
"152, Zac,615,95,8,0.5,0,0,0,0,60,3.4,0.736,1.6,33,3.5,32,1.25,340,175,the Secret Weapon,2013-03-29,V11.8, Vanguard, Tank Fighter, Jungle Top Support, Health costs, Melee, Magic, 4800 |  880,   2880,   Damage2 Toughness3 Control3 Mobility2 Utility1 ,Cell Division,Stretching Strikes,Unstable Matter,Elastic Slingshot,Let's Bounce!,5.6,51.0,2.5,0.8,0.0003,""10,144"",131.0,6.5,""14,353"",4.8,4.7,11.5"
"153, Zed,584,85,7,0.65,200,0,50,0,63,3.4,0.651,3.3,32,3.5,32,1.25,345,125,the Master of Shadows,2012-11-13,V11.17, Assassin, Assassin, Middle, Energy, Melee, Physical, 4800 |  880,   2880,   Damage3 Toughness1 Control1 Mobility3 Utility1 ,Contempt for the Weak,Razor Shuriken,Living Shadow,Shadow Slash,Death Mark,12.1,49.4,42.7,1.7,0.0014,""11,846"",169.0,7.5,""21,236"",8.7,6.3,5.4"
"154, Ziggs,536,92,6.5,0.6,480,23.5,8,0.8,54,3.1,0.656,2,22,3.3,30,0.5,325,550,the Hexplosives Expert,2012-02-01,V11.16, Artillery, Mage, Middle, Mana, Ranged, Magic, 4800 |  880,   2880,   Damage3 Toughness1 Control2 Mobility2 Utility1 ,Short Fuse,Bouncing Bomb,Satchel Charge,Hexplosive Minefield,Mega Inferno Bomb,7.3,51.4,8.2,0.4,0.0007,""11,508"",186.5,9.6,""24,017"",5.4,5.8,8.5"
"155, Zilean,504,82,5.5,0.5,452,50,11.34,0.8,52,3,0.625,2.13,24,3.8,30,0.5,335,550,the Chronokeeper,2009-04-18,V11.14, Specialist, Support Mage, Support Middle, Mana, Ranged, Magic, 1350 |  585,   810,   Damage2 Toughness1 Control2 Mobility2 Utility3 ,Time in a Bottle,Time Bomb,Rewind,Time Warp,Chronoshift,4.0,52.5,1.1,0.6,0.0000,""8,400"",50.3,22.2,""10,639"",2.5,5.0,13.3"
"156, Zoe,560,92,6.5,0.6,425,25,8,0.65,58,3.3,0.625,2.5,21,3.5,30,0.5,340,550,the Aspect of Twilight,2017-11-21,V11.15, Burst, Mage Support, Middle, Mana, Ranged, Magic, 6300 |  975,   3780,   Damage3 Toughness1 Control2 Mobility2 Utility1 ,More Sparkles!,Paddle Star,Spell Thief,Sleepy Trouble Bubble,Portal Jump,2.9,47.3,1.0,0.3,0.0007,""10,345"",147.6,9.9,""19,702"",6.3,5.7,7.2"
"157, Zyra,504,79,5.5,0.5,418,25,13,0.4,53,3.2,0.625,2.11,29,3,30,0.5,340,575,Rise of the Thorns,2012-07-24,V11.10, Catcher, Mage Support, Support, Mana, Ranged, Magic, 4800 |  880,   2880,   Damage3 Toughness1 Control3 Mobility1 Utility1 ,Garden of Thorns,Deadly Spines,Rampant Growth,Grasping Roots,Stranglethorns,4.8,51.8,2.2,0.8,0.0002,""9,397"",53.4,25.6,""20,102"",4.0,7.1,10.8"
